n_instancias,dimensiones,cohesion,mean_pairwise_distance,min_pairwise_distance,max_pairwise_distance,silhouette_global,linkage,metric,p,pca,poda
900,768,2.9832882752703176,6.320549913891728,3.8136124615162803,11.30149178539315,0.12763287812398952,single,euclidean,1,50,4
60,50,2.3235690762079786,5.335595771249448,3.7517160963480625,6.660421033971068,0.27389811044743073,single,euclidean,1,50,4
