n_instancias,dimensiones,cohesion,mean_pairwise_distance,min_pairwise_distance,max_pairwise_distance,silhouette_global,linkage,metric,p,pca,poda,ARI_Train,NMI_Train,FMI_Train,Purity_Train,Hungarian_accuracy_Train,ARI_test,NMI_test,FMI_test,Purity_test,Hungarian_accuracy_test
60,50,2.3235690762079786,5.335595771249447,3.7517160963480607,6.660421033971066,0.2738981104474307,single,euclidean,1,50,4,-0.011498952533099533,0.234626827491623,0.12314577267390146,0.17391304347826086,0.15217391304347827,-0.011796708903300595,0.2493471296388415,0.12329061457832578,0.16666666666666666,0.14814814814814814
60,50,2.3235690762079786,5.335595771249447,3.7517160963480607,6.660421033971066,0.2738981104474307,single,euclidean,1,50,4,-0.011498952533099533,0.234626827491623,0.12314577267390146,0.17391304347826086,0.15217391304347827,-0.011796708903300595,0.2493471296388415,0.12329061457832578,0.16666666666666666,0.14814814814814814
