n_instancias,dimensiones,cohesion,mean_pairwise_distance,min_pairwise_distance,max_pairwise_distance,silhouette_global,linkage,metric,p,pca,poda
1000,768,5.484201228234571,4.938785776344681,0.0,12.371893866504779,-0.6441216283282782,single,euclidean,1,50,20
1000,768,5.858646081472262,2.238185377280024,0.7085302819676679,4.9806219329007755,-0.1225356514640314,single,euclidean,1,50,40
1000,768,5.890835236661231,1.3029936860516136,0.8806285867784108,1.5603661203199266,-0.00040349308301486977,single,euclidean,1,50,60
