n_instancias,dimensiones,cohesion,mean_pairwise_distance,min_pairwise_distance,max_pairwise_distance,silhouette_global,linkage,metric,p,pca,poda,ARI,NMI,FMI,Purity,Hungarian_accuracy
100,50,2.490059457658687,5.742230430913902,3.905188318690897,8.104890806705752,0.2401932369511651,single,euclidean,1,50,4,-0.010220222183656945,0.1850871898235755,0.1355099620849322,0.15753424657534246,0.14383561643835616
100,50,2.490387377149527,5.74203063016557,3.9049885308541015,8.104416366593732,0.24015557311784577,single,euclidean,1,50,4,-0.010220222183656945,0.1850871898235755,0.1355099620849322,0.15753424657534246,0.14383561643835616
100,50,2.4899565278246474,5.743006976739065,3.905274343650378,8.105861377210443,0.24054695770286688,single,euclidean,1,50,4,-0.010220222183656945,0.1850871898235755,0.1355099620849322,0.15753424657534246,0.14383561643835616
100,50,2.4902358784689222,5.742428091089384,3.905153688825067,8.10429225905863,0.24026248519146542,single,euclidean,1,50,4,-0.010220222183656945,0.1850871898235755,0.1355099620849322,0.15753424657534246,0.14383561643835616
100,50,2.490313502044416,5.741857808789697,3.9051678864891923,8.104688913529904,0.24026891708219153,single,euclidean,1,50,4,-0.010220222183656945,0.1850871898235755,0.1355099620849322,0.15753424657534246,0.14383561643835616
100,50,2.4902376289417436,5.742366420305671,3.9048633128318397,8.10529767384347,0.2402858242740889,single,euclidean,1,50,4,-0.010220222183656945,0.1850871898235755,0.1355099620849322,0.15753424657534246,0.14383561643835616
