emb_0,emb_1,emb_2,emb_3,emb_4,cluster
2.4835707650561636,-0.6913215058559232,3.2384426905034625,7.615149282040127,-1.1707668736166799,0
-1.1706847847459028,7.896064077536957,3.837173645764544,-2.3473719296747606,2.712800217929823,1
-2.3170884640623113,-2.328648767851284,1.2098113578301706,-9.56640122328899,-8.624589162565163,2
